{
    "_id": {
      "$oid": "67fc4673e1879f7dae9d635c"
    },
    "scenario_id": "scenario_1",
    "timestamp": "2025-04-13T18:19:15.313152",
    "relay_values": {
      "R52": {
        "TDS": 0.05,
        "pickup": 0.03238
      },
      "R67": {
        "TDS": 0.05,
        "pickup": 0.01024
      },
      "R8": {
        "TDS": 0.05,
        "pickup": 0.10178
      },
      "R46": {
        "TDS": 0.05,
        "pickup": 0.05474
      },
      "R6": {
        "TDS": 0.05,
        "pickup": 0.06334
      },
      "R44": {
        "TDS": 0.05,
        "pickup": 0.07207
      },
      "R14": {
        "TDS": 0.05,
        "pickup": 0.02049
      },
      "R29": {
        "TDS": 0.05,
        "pickup": 0.04703
      },
      "R38": {
        "TDS": 0.05,
        "pickup": 0.17386
      },
      "R39": {
        "TDS": 0.08837,
        "pickup": 0.12595
      },
      "R55": {
        "TDS": 0.11869,
        "pickup": 0.05198
      },
      "R47": {
        "TDS": 0.14041,
        "pickup": 0.05151
      },
      "R48": {
        "TDS": 0.14541,
        "pickup": 0.04929
      },
      "R10": {
        "TDS": 0.15058,
        "pickup": 0.05151
      },
      "R9": {
        "TDS": 0.1509,
        "pickup": 0.05474
      },
      "R49": {
        "TDS": 0.13306,
        "pickup": 0.02586
      },
      "R72": {
        "TDS": 0.15182,
        "pickup": 0.02907
      },
      "R11": {
        "TDS": 0.13272,
        "pickup": 0.04929
      },
      "R50": {
        "TDS": 0.16451,
        "pickup": 0.02194
      },
      "R12": {
        "TDS": 0.16156,
        "pickup": 0.02586
      },
      "R51": {
        "TDS": 0.17379,
        "pickup": 0.02049
      },
      "R13": {
        "TDS": 0.16024,
        "pickup": 0.02194
      },
      "R34": {
        "TDS": 0.11829,
        "pickup": 0.06423
      },
      "R53": {
        "TDS": 0.14264,
        "pickup": 0.02871
      },
      "R15": {
        "TDS": 0.16061,
        "pickup": 0.03238
      },
      "R54": {
        "TDS": 0.15611,
        "pickup": 0.02502
      },
      "R16": {
        "TDS": 0.15225,
        "pickup": 0.02871
      },
      "R73": {
        "TDS": 0.1706,
        "pickup": 0.01935
      },
      "R17": {
        "TDS": 0.15047,
        "pickup": 0.02502
      },
      "R32": {
        "TDS": 0.18075,
        "pickup": 0.01552
      },
      "R36": {
        "TDS": 0.15588,
        "pickup": 0.01935
      },
      "R56": {
        "TDS": 0.12164,
        "pickup": 0.05145
      },
      "R57": {
        "TDS": 0.14543,
        "pickup": 0.05159
      },
      "R19": {
        "TDS": 0.16338,
        "pickup": 0.05145
      },
      "R18": {
        "TDS": 0.19521,
        "pickup": 0.05198
      },
      "R1": {
        "TDS": 0.16472,
        "pickup": 0.17386
      },
      "R40": {
        "TDS": 0.13385,
        "pickup": 0.05744
      },
      "R59": {
        "TDS": 0.07545,
        "pickup": 0.07218
      },
      "R2": {
        "TDS": 0.15662,
        "pickup": 0.12595
      },
      "R58": {
        "TDS": 0.13595,
        "pickup": 0.02767
      },
      "R33": {
        "TDS": 0.16406,
        "pickup": 0.02474
      },
      "R20": {
        "TDS": 0.14416,
        "pickup": 0.05159
      },
      "R35": {
        "TDS": 0.14939,
        "pickup": 0.02907
      },
      "R21": {
        "TDS": 0.14804,
        "pickup": 0.02767
      },
      "R70": {
        "TDS": 0.16032,
        "pickup": 0.02474
      },
      "R7": {
        "TDS": 0.13921,
        "pickup": 0.07207
      },
      "R45": {
        "TDS": 0.11228,
        "pickup": 0.10178
      },
      "R60": {
        "TDS": 0.11512,
        "pickup": 0.06666
      },
      "R61": {
        "TDS": 0.14792,
        "pickup": 0.04408
      },
      "R23": {
        "TDS": 0.15025,
        "pickup": 0.06666
      },
      "R22": {
        "TDS": 0.16943,
        "pickup": 0.07218
      },
      "R74": {
        "TDS": 0.16729,
        "pickup": 0.03015
      },
      "R24": {
        "TDS": 0.15203,
        "pickup": 0.04408
      },
      "R28": {
        "TDS": 0.14394,
        "pickup": 0.0374
      },
      "R66": {
        "TDS": 0.09493,
        "pickup": 0.04703
      },
      "R37": {
        "TDS": 0.16085,
        "pickup": 0.03015
      },
      "R63": {
        "TDS": 0.13314,
        "pickup": 0.04476
      },
      "R64": {
        "TDS": 0.13974,
        "pickup": 0.04102
      },
      "R26": {
        "TDS": 0.16895,
        "pickup": 0.04476
      },
      "R25": {
        "TDS": 0.17258,
        "pickup": 0.0485
      },
      "R65": {
        "TDS": 0.15526,
        "pickup": 0.0374
      },
      "R27": {
        "TDS": 0.15635,
        "pickup": 0.04102
      },
      "R41": {
        "TDS": 0.13878,
        "pickup": 0.05331
      },
      "R3": {
        "TDS": 0.17939,
        "pickup": 0.05744
      },
      "R68": {
        "TDS": 0.20135,
        "pickup": 0.00539
      },
      "R30": {
        "TDS": 0.19229,
        "pickup": 0.01024
      },
      "R69": {
        "TDS": 0.1518,
        "pickup": 0.01552
      },
      "R31": {
        "TDS": 0.22781,
        "pickup": 0.00539
      },
      "R42": {
        "TDS": 0.14568,
        "pickup": 0.0522
      },
      "R4": {
        "TDS": 0.1727,
        "pickup": 0.05331
      },
      "R43": {
        "TDS": 0.13346,
        "pickup": 0.06334
      },
      "R62": {
        "TDS": 0.10844,
        "pickup": 0.0485
      },
      "R5": {
        "TDS": 0.15733,
        "pickup": 0.0522
      },
      "R71": {
        "TDS": 0.07153,
        "pickup": 0.06423
      }
    }
  }